{
    "name": "root",
    "gauges": {
        "MLPlayer.Policy.Entropy.mean": {
            "value": 0.0011521597625687718,
            "min": 0.0011111900676041842,
            "max": 0.525171160697937,
            "count": 1652
        },
        "MLPlayer.Policy.Entropy.sum": {
            "value": 57.663291931152344,
            "min": 55.39949417114258,
            "max": 26199.73828125,
            "count": 1652
        },
        "MLPlayer.Step.mean": {
            "value": 87099960.0,
            "min": 4549972.0,
            "max": 87099960.0,
            "count": 1652
        },
        "MLPlayer.Step.sum": {
            "value": 87099960.0,
            "min": 4549972.0,
            "max": 87099960.0,
            "count": 1652
        },
        "MLPlayer.Policy.ExtrinsicValueEstimate.mean": {
            "value": -0.34453457593917847,
            "min": -0.5385982990264893,
            "max": 0.0379730649292469,
            "count": 1652
        },
        "MLPlayer.Policy.ExtrinsicValueEstimate.sum": {
            "value": -309.736572265625,
            "min": -521.9017333984375,
            "max": 29.73291015625,
            "count": 1652
        },
        "MLPlayer.Environment.EpisodeLength.mean": {
            "value": 206.9102564102564,
            "min": 143.47507331378299,
            "max": 10683.0,
            "count": 1652
        },
        "MLPlayer.Environment.EpisodeLength.sum": {
            "value": 48417.0,
            "min": 2932.0,
            "max": 167868.0,
            "count": 1652
        },
        "MLPlayer.Environment.CumulativeReward.mean": {
            "value": -0.9662820501093808,
            "min": -1.0116483437531925,
            "max": 4.0900002211332325,
            "count": 1652
        },
        "MLPlayer.Environment.CumulativeReward.sum": {
            "value": -226.10999972559512,
            "min": -349.1199998706579,
            "max": 35.37000216729939,
            "count": 1652
        },
        "MLPlayer.Policy.ExtrinsicReward.mean": {
            "value": -0.9662820501093808,
            "min": -1.0116483437531925,
            "max": 4.0900002211332325,
            "count": 1652
        },
        "MLPlayer.Policy.ExtrinsicReward.sum": {
            "value": -226.10999972559512,
            "min": -349.1199998706579,
            "max": 35.37000216729939,
            "count": 1652
        },
        "MLPlayer.Losses.PolicyLoss.mean": {
            "value": 0.02293669011754294,
            "min": 0.01838034529704601,
            "max": 0.02990195476450026,
            "count": 1652
        },
        "MLPlayer.Losses.PolicyLoss.sum": {
            "value": 0.1146834505877147,
            "min": 0.07650248067220672,
            "max": 0.1495097738225013,
            "count": 1652
        },
        "MLPlayer.Losses.ValueLoss.mean": {
            "value": 0.012334610912948846,
            "min": 0.00038691550813382494,
            "max": 0.014826759882271289,
            "count": 1652
        },
        "MLPlayer.Losses.ValueLoss.sum": {
            "value": 0.06167305456474423,
            "min": 0.0019345775406691247,
            "max": 0.07329907615979513,
            "count": 1652
        },
        "MLPlayer.Policy.LearningRate.mean": {
            "value": 0.00024775279333574135,
            "min": 0.00024775279333574135,
            "max": 0.0002972842111552633,
            "count": 1652
        },
        "MLPlayer.Policy.LearningRate.sum": {
            "value": 0.0012387639666787068,
            "min": 0.0009916188136604187,
            "max": 0.0014862819123726975,
            "count": 1652
        },
        "MLPlayer.Policy.Epsilon.mean": {
            "value": 0.18258425864,
            "min": 0.18258425864,
            "max": 0.19909473674999997,
            "count": 1652
        },
        "MLPlayer.Policy.Epsilon.sum": {
            "value": 0.9129212932,
            "min": 0.7305395813999999,
            "max": 0.9954273026000001,
            "count": 1652
        },
        "MLPlayer.Policy.Beta.mean": {
            "value": 0.004130954506136,
            "min": 0.004130954506136,
            "max": 0.004954827363825,
            "count": 1652
        },
        "MLPlayer.Policy.Beta.sum": {
            "value": 0.020654772530680002,
            "min": 0.016533925111860005,
            "max": 0.02477182239974,
            "count": 1652
        },
        "MLPlayer.IsTraining.mean": {
            "value": 1.0,
            "min": 1.0,
            "max": 1.0,
            "count": 1652
        },
        "MLPlayer.IsTraining.sum": {
            "value": 1.0,
            "min": 1.0,
            "max": 1.0,
            "count": 1652
        }
    },
    "metadata": {
        "timer_format_version": "0.1.0",
        "start_time_seconds": "1762491191",
        "python_version": "3.10.12 | packaged by Anaconda, Inc. | (main, Jul  5 2023, 19:01:18) [MSC v.1916 64 bit (AMD64)]",
        "command_line_arguments": "C:\\Users\\Sophia\\miniconda3\\envs\\mlagents\\Scripts\\mlagents-learn C:\\Users\\Sophia\\Documents\\Master VAR\\Unity\\MasterVAR-HCI-MLAgents\\Assets\\results\\ppo\\configuration.yaml --resume --no-graphics",
        "mlagents_version": "1.1.0",
        "mlagents_envs_version": "1.1.0",
        "communication_protocol_version": "1.5.0",
        "pytorch_version": "2.2.1",
        "numpy_version": "1.23.5",
        "end_time_seconds": "1762522154"
    },
    "total": 30963.251084900003,
    "count": 1,
    "self": 0.004575500002829358,
    "children": {
        "run_training.setup": {
            "total": 0.080948000000717,
            "count": 1,
            "self": 0.080948000000717
        },
        "TrainerController.start_learning": {
            "total": 30963.165561399997,
            "count": 1,
            "self": 44.67496890050825,
            "children": {
                "TrainerController._reset_env": {
                    "total": 6.904358599998886,
                    "count": 1,
                    "self": 6.904358599998886
                },
                "TrainerController.advance": {
                    "total": 30911.541563399496,
                    "count": 2582218,
                    "self": 41.7180068006237,
                    "children": {
                        "env_step": {
                            "total": 15025.599595195785,
                            "count": 2582218,
                            "self": 12303.649304203087,
                            "children": {
                                "SubprocessEnvManager._take_step": {
                                    "total": 2695.3667840953203,
                                    "count": 2582218,
                                    "self": 136.93278550194736,
                                    "children": {
                                        "TorchPolicy.evaluate": {
                                            "total": 2558.433998593373,
                                            "count": 2582218,
                                            "self": 2558.433998593373
                                        }
                                    }
                                },
                                "workers": {
                                    "total": 26.583506897377447,
                                    "count": 2582217,
                                    "self": 0.0,
                                    "children": {
                                        "worker_root": {
                                            "total": 30890.03228250196,
                                            "count": 2582217,
                                            "is_parallel": true,
                                            "self": 22221.04263859797,
                                            "children": {
                                                "steps_from_proto": {
                                                    "total": 0.0014924999995855615,